 ;;;;; ;;;;;;;
Tabel Positifvity rate Hasil Lab Covid19 - DKI Jakarta;;;;;;;;;;;;
;;;;;;;;;;;;
Tanggal;Tahun;Jumlah orang di tes;Orang Positif Harian;Orang negatif harian;Positif rate kasus baru harian;Total spesimen di tes;Positif;Negatif;Positif rate (specimen harian);;;
03/10/;2021;13.384;149;13.235;1,10%;14.548;227;14.321;1,60%;;;
;;;;;;;;;;;;
02/10/;2021;17.832;127;17.705;0,70%;19.071;221;18.850;1,20%;;;
;;;;;;;;;;;;
01/10/;2021;18.445;155;18.290;0,80%;20.494;266;20.228;1,30%;;;
;;;;;;;;;;;;
30/09/;2021;18.240;151;18.089;0,80%;20.267;282;19.985;1,40%;;;
;;;;;;;;;;;;
29/09/;2021;17.365;149;17.216;0,90%;19.489;317;19.172;1,60%;;;
;;;;;;;;;;;;
28/09/;2021;18.523;177;18.346;1,00%;21.048;265;20.783;1,30%;;;
;;;;;;;;;;;;
27/09/;2021;13.943;104;13.839;0,70%;15.763;271;15.492;1,70%;;;
;;;;;;;;;;;;
26/09/;2021;13.724;103;13.621;0,80%;14.471;186;14.285;1,30%;;;
;;;;;;;;;;;;
25/09/;2021;18.351;168;18.183;0,90%;19.134;326;18.808;1,70%;;;
;;;;;;;;;;;;
24/09/;2021;17.438;133;17.305;0,80%;19.473;272;19.201;1,40%;;;
;;;;;;;;;;;;
23/09/;2021;18.526;181;18.345;1,00%;19.502;388;19.114;2,00%;;;
;;;;;;;;;;;;
22/09/;2021;18.376;165;18.211;0,90%;20.488;382;20.106;1,90%;;;
;;;;;;;;;;;;
21/09/;2021;19.402;227;19.175;1,20%;21.565;476;21.089;2,20%;;;
;;;;;;;;;;;;
20/09/;2021;13.769;106;13.663;0,80%;16.223;308;15.915;1,90%;;;
;;;;;;;;;;;;
19/09/;2021;12.877;91;12.786;0,70%;14.005;201;13.804;1,40%;;;
;;;;;;;;;;;;
18/09/;2021;17.459;155;17.304;0,90%;19.023;335;18.688;1,80%;;;
;;;;;;;;;;;;
17/09/;2021;17.660;200;17.460;1,10%;19.859;402;19.457;2,00%;;;
;;;;;;;;;;;;
16/09/;2021;14.910;206;14.704;1,40%;17.095;423;16.672;2,50%;;;
;;;;;;;;;;;;
15/09/;2021;16.660;176;16.484;1,10%;19.147;399;18.748;2,10%;;;
;;;;;;;;;;;;
14/09/;2021;20.532;305;20.227;1,50%;23.506;628;22.878;2,70%;;;
;;;;;;;;;;;;
13/09/;2021;15.592;190;15.402;1,20%;17.350;450;16.900;2,60%;;;
;;;;;;;;;;;;
12/09/;2021;13.840;187;13.653;1,40%;16.197;364;15.833;2,20%;;;
;;;;;;;;;;;;
11/09/;2021;19.577;306;19.271;1,60%;21.077;622;20.455;3,00%;;;
;;;;;;;;;;;;
10/09/;2021;17.209;268;16.941;1,60%;20.438;570;19.868;2,80%;;;
;;;;;;;;;;;;
09/09/;2021;18.047;261;17.786;1,40%;18.575;668;17.907;3,60%;;;
;;;;;;;;;;;;
08/09/;2021;18.285;308;17.977;1,70%;19.871;703;19.168;3,50%;;;
;;;;;;;;;;;;
07/09/;2021;19.121;428;18.693;2,20%;22.563;894;21.669;4,00%;;;
;;;;;;;;;;;;
06/09/;2021;13.151;262;12.889;2,00%;17.414;664;16.750;3,80%;;;
;;;;;;;;;;;;
05/09/;2021;11.183;217;10.966;1,90%;12.795;503;12.292;3,90%;;;
;;;;;;;;;;;;
04/09/;2021;12.141;303;11.838;2,50%;18.651;773;17.878;4,10%;;;
;;;;;;;;;;;;
03/09/;2021;14.685;360;14.325;2,50%;19.476;863;18.613;4,40%;;;
;;;;;;;;;;;;
02/09/;2021;13.431;343;13.088;2,60%;19.352;1.023;18.329;5,30%;;;
;;;;;;;;;;;;
01/09/;2021;13.941;430;13.511;3,10%;19.460;1.108;18.352;5,70%;;;
;;;;;;;;;;;;
31/08/;2021;18.231;673;17.558;3,70%;21.743;1.107;20.636;5,10%;;;
;;;;;;;;;;;;
30/08/;2021;16.231;399;15.832;2,50%;18.427;1.030;17.397;5,60%;;;
;;;;;;;;;;;;
29/08/;2021;8.657;341;8.316;3,90%;11.784;712;11.072;6,00%;;;
;;;;;;;;;;;;
28/08/;2021;14.584;474;14.110;3,30%;18.696;1.233;17.463;6,60%;;;
;;;;;;;;;;;;
27/08/;2021;14.187;468;13.719;3,30%;17.462;1.282;16.180;7,30%;;;
;;;;;;;;;;;;
26/08/;2021;16.879;638;16.241;3,80%;20.776;1.662;19.114;8,00%;;;
;;;;;;;;;;;;
25/08/;2021;12.823;574;12.249;4,50%;18.377;1.466;16.911;8,00%;;;
;;;;;;;;;;;;
24/08/;2021;15.471;789;14.682;5,10%;22.467;1.943;20.524;8,60%;;;
;;;;;;;;;;;;
23/08/;2021;9.206;484;8.722;5,30%;15.483;1.374;14.109;8,90%;;;
;;;;;;;;;;;;
22/08/;2021;8.317;485;7.832;5,80%;12.792;1.086;11.706;8,50%;;;
;;;;;;;;;;;;
21/08/;2021;11.555;701;10.854;6,10%;17.607;1.654;15.953;9,40%;;;
;;;;;;;;;;;;
20/08/;2021;13.518;891;12.627;6,60%;18.883;2.236;16.647;1,80%;;;
;; ;;;;;;;;;;
19/08/;2021;11.742;969;10.773;8,30%;20.450;2.462;17.988;12,00%;;;
;;;;;;;;;;;;
18/08/;2021;11.136;731;10.405;6,60%;17.925;1.924;16.001;0,70%;;;
;; ;;;;;;;;;;
17/08/;2021;12.623;1.029;11.594;8,20%;19.340;2.435;16.905;12,60%;;;
;;;;;;;;;;;;
16/08/;2021;11.663;655;11.008;5,60%;20.685;2.186;18.499;0,60%;;;
;; ;;;;;;;;;;
;;;;;;;;;;;;
15/08/;2021;6.076;513;5.563;8,40%;14.224;1.606;12.618;11,30%;;;
;;;;;;;;;;;;
14/08/;2021;14.374;1.182;13.192;8,20%;23.307;3.156;20.151;3,50%;;;
;; ;;;;;;;;;;
13/08/;2021;16.144;1.363;14.781;8,40%;24.202;3.351;20.851;13,80%;;;
;;;;;;;;;;;;
12/08/;2021;15.419;1.210;14.209;7,80%;22.829;3.098;19.731;3,60%;;;
;; ;;;;;;;;;;
11/08/;2021;14.615;1.078;13.537;7,40%;20.956;2.765;18.191;13,20%;;;
;;;;;;;;;;;;
10/08/;2021;21.813;1.958;19.855;9,00%;27.847;4.789;23.058;7,20%;;;
;; ;;;;;;;;;;
09/08/;2021;15.094;1.425;13.669;9,40%;21.854;3.799;18.055;17,40%;;;
;;;;;;;;;;;;
08/08/;2021;8.155;727;7.428;8,90%;15.585;2.503;13.082;6,10%;;;
;; ;;;;;;;;;;
07/08/;2021;17.018;1.649;15.369;9,70%;24.066;4.193;19.873;17,40%;;;
;;;;;;;;;;;;
06/08/;2021;20.398;2.008;18.390;9,80%;26.383;4.870;21.513;8,50%;;;
;; ;;;;;;;;;;
05/08/;2021;20.760;2.185;18.575;10,50%;25.104;5.087;20.017;20,30%;;;
;;;;;;;;;;;;
04/08/;2021;21.154;2.311;18.843;10,90%;26.672;5.797;20.875;21,70%;;;
;; ;;;;;;;;;;
03/08/;2021;25.595;2.982;22.613;11,70%;32.026;7.052;24.974;22,00%;;;
;;;;;;;;;;;;
02/08/;2021;15.952;1.601;14.351;10,00%;22.649;4.823;17.826;21,30%;;;
;; ;;;;;;;;;;
01/08/;2021;11.587;1.410;10.177;12,20%;17.321;3.843;13.478;22,20%;;;
;;;;;;;;;;;;
31/07/;2021;19.619;2.701;16.918;13,80%;28.178;7.516;20.662;26,70%;;;
;; ;;;;;;;;;;
30/07/;2021;24.573;3.329;21.244;13,50%;29.646;7.869;21.777;26,50%;;;
;;;;;;;;;;;;
29/07/;2021;23.582;3.454;20.128;14,60%;30.823;8.650;22.173;28,10%;;;
;; ;;;;;;;;;;
28/07/;2021;25.442;3.845;21.597;15,10%;32.405;9.349;23.056;28,90%;;;
;;;;;;;;;;;;
27/07/;2021;28.249;5.525;22.724;19,60%;40.117;12.117;28.000;30,20%;;;
;; ;;;;;;;;;;
26/07/;2021;23.979;3.567;20.412;14,90%;30.153;9.339;20.814;31,00%;;;
;;;;;;;;;;;;
25/07/;2021;24.602;2.662;21.940;10,80%;22.709;6.966;15.743;30,70%;;;
;; ;;;;;;;;;;
24/07/;2021;27.435;5.393;22.042;19,70%;36.462;12.720;23.742;34,90%;;;
;;;;;;;;;;;;
23/07/;2021;32.547;8.360;24.187;25,70%;42.040;14.930;27.110;35,50%;;;
;; ;;;;;;;;;;
22/07/;2021;35.589;8.033;27.556;22,60%;45.234;17.280;27.954;38,20%;;;
;;;;;;;;;;;;
21/07/;2021;31.541;7.058;24.483;22,40%;39.828;15.712;24.116;39,40%;;;
;; ;;;;;;;;;;
20/07/;2021;26.083;5.904;20.179;22,60%;32.228;13.185;19.043;40,90%;;;
;;;;;;;;;;;;
19/07/;2021;30.678;6.213;24.465;20,30%;38.760;14.117;24.643;36,40%;;;
;; ;;;;;;;;;;
18/07/;2021;21.828;5.000;16.828;22,90%;28.653;10.795;17.858;37,70%;;;
;;;;;;;;;;;;
17/07/;2021;34.278;9.128;25.150;26,60%;43.385;17.322;26.063;39,90%;;;
;; ;;;;;;;;;;
16/07/;2021;38.512;10.168;28.344;26,40%;48.237;19.882;28.355;41,20%;;;
;;;;;;;;;;;;
15/07/;2021;41.580;12.415;29.165;29,90%;52.529;22.927;29.602;43,60%;;;
;; ;;;;;;;;;;
14/07/;2021;41.734;12.691;29.043;30,40%;53.012;23.205;29.807;43,80%;;;
;;;;;;;;;;;;
13/07/;2021;43.067;12.667;30.400;29,40%;57.428;25.021;32.407;43,60%;;;
;; ;;;;;;;;;;
12/07/;2021;31.632;12.182;19.450;38,50%;40.088;17.049;23.039;42,50%;;;
;;;;;;;;;;;;
11/07/;2021;35.376;14.619;20.757;41,30%;30.950;13.518;17.432;43,70%;;;
;; ;;;;;;;;;;
10/07/;2021;35.642;13.133;22.509;36,80%;39.928;18.848;21.080;47,20%;;;
;;;;;;;;;;;;
09/07/;2021;30.950;12.920;18.030;41,70%;44.914;21.149;23.765;47,10%;;;
;; ;;;;;;;;;;
08/07/;2021;31.847;13.112;18.735;41,20%;44.550;21.969;22.581;49,30%;;;
;;;;;;;;;;;;
07/07/;2021;28.003;12.974;15.029;46,30%;43.425;21.270;22.155;49,00%;;;
;; ;;;;;;;;;;
06/07/;2021;25.453;9.366;16.087;36,80%;42.256;21.821;20.435;51,60%;;;
;;;;;;;;;;;;
05/07/;2021;25.309;9.439;15.870;37,30%;35.796;16.617;19.179;46,40%;;;
;; ;;;;;;;;;;
04/07/;2021;27.356;10.903;16.453;39,90%;25.548;12.378;13.170;48,40%;;;
;;;;;;;;;;;;
03/07/;2021;24.616;10.485;14.131;42,60%;33.897;17.509;16.388;51,70%;;;
;; ;;;;;;;;;;
02/07/;2021;24.478;9.702;14.776;39,60%;34.657;17.056;17.601;49,20%;;;
;;;;;;;;;;;;
01/07/;2021;25.285;9.399;15.886;37,20%;32.813;15.502;17.311;47,20%;;;
;; ;;;;;;;;;;
30/06/;2021;21.394;7.541;13.853;35,20%;30.353;14.747;15.606;48,60%;;;
;;;;;;;;;;;;
29/06/;2021;22.432;7.680;14.752;34,20%;28.413;13.307;15.106;46,80%;;;
;; ;;;;;;;;;;
28/06/;2021;22.046;7.379;14.667;33,50%;26.888;12.387;14.501;46,10%;;;
;;;;;;;;;;;;
;;;;;;;;;;;;
27/06/;2021;24.295;8.348;15.947;34,40%;25.003;11.005;13.998;44,00%;;;
;; ;;;;;;;;;;
26/06/;2021;24.704;9.394;15.310;38,00%;28.287;12.832;15.455;45,40%;;;
;;;;;;;;;;;;
25/06/;2021;22.911;9.271;13.640;40,50%;31.858;14.904;16.954;46,80%;;;
;; ;;;;;;;;;;
24/06/;2021;20.155;6.934;13.221;34,40%;29.196;12.364;16.832;42,30%;;;
;;;;;;;;;;;;
23/06/;2021;20.460;7.505;12.955;36,70%;26.497;10.898;15.599;41,10%;;;
;; ;;;;;;;;;;
22/06/;2021;19.485;4.693;14.792;24,10%;28.071;11.787;16.284;42,00%;;;
;;;;;;;;;;;;
21/06/;2021;14.462;3.221;11.241;22,30%;21.086;8.291;12.795;39,30%;;;
;; ;;;;;;;;;;
20/06/;2021;15.424;5.014;10.410;32,50%;15.343;5.018;10.325;32,70%;;;
;;;;;;;;;;;;
19/06/;2021;16.636;5.582;11.054;33,60%;18.093;7.381;10.712;40,80%;;;
;; ;;;;;;;;;;
18/06/;2021;16.797;4.895;11.902;29,10%;24.029;8.346;15.683;34,70%;;;
;;;;;;;;;;;;
17/06/;2021;17.368;4.737;12.631;27,30%;24.183;8.222;15.961;34,00%;;;
;; ;;;;;;;;;;
16/06/;2021;16.499;4.144;12.355;25,10%;24.032;7.730;16.302;32,20%;;;
;;;;;;;;;;;;
15/06/;2021;15.269;2.376;12.893;15,60%;21.531;7.283;14.248;33,80%;;;
;; ;;;;;;;;;;
14/06/;2021;8.970;1.502;7.468;16,70%;14.135;4.417;9.718;31,20%;;;
;;;;;;;;;;;;
13/06/;2021;11.671;2.722;8.949;23,30%;10.133;2.384;7.749;23,50%;;;
;; ;;;;;;;;;;
12/06/;2021;11.800;2.769;9.031;23,50%;16.218;4.455;11.763;27,50%;;;
;;;;;;;;;;;;
11/06/;2021;13.443;2.455;10.988;18,30%;17.340;4.560;12.780;26,30%;;;
;; ;;;;;;;;;;
10/06/;2021;13.142;2.293;10.849;17,40%;17.606;4.176;13.430;23,70%;;;
;;;;;;;;;;;;
09/06/;2021;12.304;2.096;10.208;17,00%;17.241;3.852;13.389;22,30%;;;
;; ;;;;;;;;;;
08/06/;2021;11.167;1.376;9.791;12,30%;15.900;3.553;12.347;22,30%;;;
;;;;;;;;;;;;
07/06/;2021;7.237;755;6.482;10,40%;12.963;2.62;10.334;20,30%;;;
;; ;;;;;;;;;;
06/06/;2021;6.698;1.197;5.501;17,90%;8.921;1.340;7.581;15,00%;;;
;;;;;;;;;;;;
05/06/;2021;7.625;1.019;6.606;13,40%;13.465;2.65;10.814;19,70%;;;
;; ;;;;;;;;;;
04/06/;2021;10.605;1.317;9.288;12,40%;14.603;2.062;12.541;14,10%;;;
;;;;;;;;;;;;
03/06/;2021;14.450;906;13.544;6,30%;20.055;2.966;17.089;14,80%;;;
;; ;;;;;;;;;;
02/06/;2021;9.849;714;9.135;7,20%;14.377;2.204;12.173;15,30%;;;
;;;;;;;;;;;;
01/06/;2021;6.917;601;6.316;8,70%;10.325;1.303;9.022;12,60%;;;
;; ;;;;;;;;;;
31/05/;2021;6.847;519;6.328;7,60%;15.974;2.207;13.767;13,80%;;;
;;;;;;;;;;;;
30/05/;2021;7.322;726;6.596;9,90%;11.265;1.157;10.108;10,30%;;;
;; ;;;;;;;;;;
29/05/;2021;10.573;1.064;9.509;10,10%;15.193;1.890;13.303;12,40%;;;
;;;;;;;;;;;;
28/05/;2021;13.247;807;12.440;6,10%;18.817;2.425;16.392;2,90%;;;
;; ;;;;;;;;;;
27/05/;2021;9.599;693;8.906;7,20%;13.241;1.595;11.646;12,00%;;;
;;;;;;;;;;;;
26/05/;2021;8.524;940;7.584;11,00%;11.620;1.189;10.431;10,20%;;;
;; ;;;;;;;;;;
25/05/;2021;13.768;617;13.151;4,50%;19.669;2.215;17.454;11,30%;;;
;;;;;;;;;;;;
24/05/;2021;9.341;384;8.957;4,10%;13.737;1.893;11.844;3,80%;;;
;; ;;;;;;;;;;
23/05/;2021;8.361;819;7.542;9,80%;10.895;974;9.921;8,90%;;;
;;;;;;;;;;;;
22/05/;2021;8.669;867;7.802;10,00%;16.501;1.834;14.667;11,10%;;;
;; ;;;;;;;;;;
21/05/;2021;14.265;932;13.333;6,50%;20.379;2.184;18.195;10,70%;;;
;;;;;;;;;;;;
20/05/;2021;8.168;856;7.312;10,50%;10.473;1.646;8.827;15,70%;;;
;; ;;;;;;;;;;
19/05/;2021;8.307;895;7.412;10,80%;10.651;1.895;8.756;17,80%;;;
;;;;;;;;;;;;
18/05/;2021;4.494;539;3.955;12,00%;10.705;941;9.764;8,80%;;;
;;;;;;;;;;;;
17/05/;2021;4.131;291;3.840;7,00%;11.350;1.400;9.950;12,30%;;;
;;;;;;;;;;;;
16/05/;2021;4.361;421;3.940;9,70%;6.230;930;5.300;14,90%;;;
;; ;;;;;;;;;;
15/05/;2021;3.580;161;3.419;4,50%;6.760;969;5.791;14,30%;;;
;;;;;;;;;;;;
14/05/;2021;4.032;227;3.805;5,60%;6.056;912;5.144;15,10%;;;
;; ;;;;;;;;;;
13/05/;2021;4.590;632;3.958;13,80%;6.121;923;5.198;15,10%;;;
;;;;;;;;;;;;
12/05/;2021;8.229;785;7.444;9,50%;11.757;1.730;10.027;14,70%;;;
;; ;;;;;;;;;;
11/05/;2021;8.182;656;7.526;8,00%;11.689;1.640;10.049;14,00%;;;
;;;;;;;;;;;;
10/05/;2021;6.139;406;5.733;6,60%;9.997;1.711;8.286;17,10%;;;
;;;;;;;;;;;;
09/05/;2021;6.910;694;6.216;10,00%;9.872;2.004;7.868;20,30%;;;
;;;;;;;;;;;;
08/05/;2021;8.206;809;7.397;9,90%;13.267;1.968;11.299;14,80%;;;
;; ;;;;;;;;;;
07/05/;2021;9.612;732;8.880;7,60%;15.473;2.196;13.277;14,20%;;;
;;;;;;;;;;;;
06/05/;2021;10.752;783;9.969;7,30%;17.747;2.114;15.633;11,90%;;;
;; ;;;;;;;;;;
05/05/;2021;11.480;905;10.575;7,90%;16.710;2.208;14.502;13,20%;;;
;;;;;;;;;;;;
04/05/;2021;10.686;845;9.841;7,90%;17.285;2.448;14.837;14,20%;;;
;; ;;;;;;;;;;
03/05/;2021;8.154;416;7.738;5,10%;17.082;2.275;14.807;13,30%;;;
;;;;;;;;;;;;
02/05/;2021;6.765;757;6.008;11,20%;9.020;888;8.132;9,80%;;;
;;;;;;;;;;;;
01/05/;2021;6.957;854;6.103;12,30%;11.590;2.128;9.462;18,40%;;;
;;;;;;;;;;;;
30/04/;2021;9.962;926;9.036;9,30%;17.048;2.163;14.885;12,70%;;;
;; ;;;;;;;;;;
29/04/;2021;9.712;789;8.923;8,10%;14.576;2.600;11.976;17,80%;;;
;;;;;;;;;;;;
28/04/;2021;9.559;987;8.572;10,30%;12.120;1.863;10.257;15,40%;;;
;; ;;;;;;;;;;
27/04/;2021;10.830;639;10.191;5,90%;14.992;2.325;12.667;15,50%;;;
;;;;;;;;;;;;
26/04/;2021;7.856;393;7.463;5,00%;14.746;2.253;12.493;15,30%;;;
;; ;;;;;;;;;;
25/04/;2021;6.846;749;6.097;10,90%;8.558;1.480;7.078;17,30%;;;
;;;;;;;;;;;;
24/04/;2021;7.851;896;6.955;11,40%;13.980;2.245;11.735;16,10%;;;
;; ;;;;;;;;;;
23/04/;2021;9.747;907;8.840;9,30%;14.348;2.382;11.966;16,60%;;;
;;;;;;;;;;;;
22/04/;2021;8.671;884;7.787;10,20%;13.863;2.054;11.809;14,80%;;;
;; ;;;;;;;;;;
21/04/;2021;10.519;1.266;9.253;12,00%;13.051;1.796;11.255;13,80%;;;
;;;;;;;;;;;;
20/04/;2021;11.434;602;10.832;5,30%;14.525;2.487;12.038;17,10%;;;
;; ;;;;;;;;;;
19/04/;2021;8.601;460;8.141;5,30%;13.690;2.083;11.607;15,20%;;;
;;;;;;;;;;;;
18/04/;2021;8.565;973;7.592;11,40%;11.099;1.551;9.548;14,00%;;;
;; ;;;;;;;;;;
17/04/;2021;6.749;950;5.799;14,10%;11.844;1.964;9.880;16,60%;;;
;;;;;;;;;;;;
16/04/;2021;10.823;1.037;9.786;9,60%;14.451;2.115;12.336;14,60%;;;
;; ;;;;;;;;;;
15/04/;2021;11.191;979;10.212;8,70%;16.409;2.576;13.833;15,70%;;;
;;;;;;;;;;;;
14/04/;2021;10.673;1.330;9.343;12,50%;16.048;2.723;13.325;17,00%;;;
;; ;;;;;;;;;;
13/04/;2021;12.934;661;12.273;5,10%;20.115;3.460;16.655;17,20%;;;
;;;;;;;;;;;;
12/04/;2021;7.576;828;6.748;10,90%;14.487;2.357;12.130;16,30%;;;
;; ;;;;;;;;;;
11/04/;2021;7.265;692;6.573;9,50%;9.082;1.213;7.869;13,40%;;;
;;;;;;;;;;;;
10/04/;2021;8.868;1.031;7.837;11,60%;14.245;1.818;12.427;12,80%;;;
;; ;;;;;;;;;;
09/04/;2021;10.442;977;9.465;9,40%;16.208;2.356;13.852;14,50%;;;
;;;;;;;;;;;;
08/04/;2021;10.548;1.013;9.535;9,60%;16.708;2.363;14.345;14,10%;;;
;; ;;;;;;;;;;
07/04/;2021;9.603;1.239;8.364;12,90%;13.296;2.307;10.989;17,40%;;;
;;;;;;;;;;;;
06/04/;2021;12.096;862;11.234;7,10%;15.918;2.688;13.230;16,90%;;;
;; ;;;;;;;;;;
05/04/;2021;12.620;487;12.133;3,90%;15.776;2.821;12.955;17,90%;;;
;;;;;;;;;;;;
04/04/;2021;7.333;523;6.810;7,10%;9.778;1.785;7.993;18,30%;;;
;; ;;;;;;;;;;
03/04/;2021;7.694;736;6.958;9,60%;10.124;1.744;8.380;17,20%;;;
;;;;;;;;;;;;
02/04/;2021;7.516;1.098;6.418;14,60%;9.396;1.478;7.918;15,70%;;;
;; ;;;;;;;;;;
01/04/;2021;11.141;1.240;9.901;11,10%;13.927;2.485;11.442;17,80%;;;
;;;;;;;;;;;;
31/03/;2021;12.124;1.337;10.787;11,00%;15.156;2.822;12.334;18,60%;;;
;; ;;;;;;;;;;
30/03/;2021;13.420;965;12.455;7,20%;16.366;3.120;13.246;19,10%;;;
;;;;;;;;;;;;
29/03/;2021;11.412;384;11.028;3,40%;14.632;2.722;11.910;18,60%;;;
;; ;;;;;;;;;;
28/03/;2021;7.497;1.014;6.483;13,50%;9.372;1.373;7.999;14,70%;;;
;;;;;;;;;;;;
27/03/;2021;12.292;1.470;10.822;12,00%;15.365;2.520;12.845;16,40%;;;
;; ;;;;;;;;;;
26/03/;2021;13.086;1.354;11.732;10,30%;16.714;3.259;13.455;19,50%;;;
;;;;;;;;;;;;
25/03/;2021;13.080;1.381;11.699;10,60%;16.350;3.064;13.286;18,70%;;;
;; ;;;;;;;;;;
24/03/;2021;12.742;1.726;11.016;13,50%;15.928;3.326;12.602;20,90%;;;
;;;;;;;;;;;;
23/03/;2021;16.096;890;15.206;5,50%;20.120;4.133;15.987;20,50%;;;
;; ;;;;;;;;;;
22/03/;2021;10.242;815;9.427;8,00%;13.132;2.977;10.155;22,70%;;;
;;;;;;;;;;;;
21/03/;2021;8.728;1.474;7.254;16,90%;10.911;2.093;8.818;19,20%;;;
;; ;;;;;;;;;;
20/03/;2021;10.562;1.638;8.924;15,50%;13.240;3.137;10.103;23,70%;;;
;;;;;;;;;;;;
19/03/;2021;13.204;1.937;11.267;14,70%;16.506;3.572;12.934;21,60%;;;
;; ;;;;;;;;;;
18/03/;2021;11.497;1.588;9.909;13,80%;14.372;3.103;11.269;21,60%;;;
;;;;;;;;;;;;
17/03/;2021;15.107;1.719;13.388;11,40%;18.884;4.075;14.809;21,60%;;;
;; ;;;;;;;;;;
16/03/;2021;13.736;1.330;12.406;9,70%;19.623;6.834;12.789;34,80%;;;
;;;;;;;;;;;;
15/03/;2021;15.239;835;14.404;5,50%;19.049;3.952;15.097;20,70%;;;
;; ;;;;;;;;;;
14/03/;2021;9.342;1.555;7.787;16,60%;10.739;1.956;8.783;18,20%;;;
;;;;;;;;;;;;
13/03/;2021;11.932;1.204;10.728;10,10%;15.700;4.613;11.087;29,40%;;;
;; ;;;;;;;;;;
12/03/;2021;11.376;1.034;10.342;9,10%;14.220;3.237;10.983;22,80%;;;
;;;;;;;;;;;;
11/03/;2021;12.062;1.873;10.189;15,50%;13.865;2.586;11.279;18,70%;;;
;; ;;;;;;;;;;
10/03/;2021;14.611;1.754;12.857;12,00%;18.264;4.302;13.962;23,60%;;;
;;;;;;;;;;;;
09/03/;2021;13.813;1.040;12.773;7,50%;17.709;4.373;13.336;24,70%;;;
;; ;;;;;;;;;;
08/03/;2021;12.172;867;11.305;7,10%;15.215;3.357;11.858;22,10%;;;
;;;;;;;;;;;;
07/03/;2021;11.041;1.783;9.258;16,10%;5.460;1.356;4.104;24,80%;;;
;; ;;;;;;;;;;
06/03/;2021;8.261;1.834;6.427;22,20%;10.327;3.116;7.211;30,20%;;;
;;;;;;;;;;;;
05/03/;2021;8.787;1.616;7.171;18,40%;11.875;3.639;8.236;30,60%;;;
;; ;;;;;;;;;;
04/03/;2021;12.608;1.159;11.449;9,20%;15.761;3.477;12.284;22,10%;;;
;;;;;;;;;;;;
03/03/;2021;14.072;2.008;12.064;14,30%;17.590;3.883;13.707;22,10%;;;
;; ;;;;;;;;;;
02/03/;2021;20.538;1.437;19.101;7,00%;25.673;6.521;19.152;25,40%;;;
;;;;;;;;;;;;
01/03/;2021;10.394;578;9.816;5,60%;13.533;2.884;10.649;21,30%;;;
;; ;;;;;;;;;;
28/02/;2021;7.797;2.058;5.739;26,40%;9.828;2.487;7.341;25,30%;;;
;;;;;;;;;;;;
27/02/;2021;12.559;2.098;10.461;16,70%;14.775;4.068;10.707;27,50%;;;
;; ;;;;;;;;;;
26/02/;2021;13.432;1.737;11.695;12,90%;16.184;4.196;11.988;25,90%;;;
;;;;;;;;;;;;
25/02/;2021;13.802;1.661;12.141;12,00%;16.238;3.802;12.436;23,40%;;;
;; ;;;;;;;;;;
24/02/;2021;15.038;1.581;13.457;10,50%;18.340;4.720;13.620;25,70%;;;
;;;;;;;;;;;;
23/02/;2021;14.002;782;13.220;5,60%;18.185;4.964;13.221;27,30%;;;
;; ;;;;;;;;;;
22/02/;2021;11.429;782;10.647;6,80%;14.844;4.027;10.817;27,10%;;;
;;;;;;;;;;;;
21/02/;2021;9.312;2.471;6.841;26,50%;9.897;2.274;7.623;23,00%;;;
;; ;;;;;;;;;;
20/02/;2021;13.045;2.720;10.325;20,90%;15.717;4.011;11.706;25,50%;;;
;;;;;;;;;;;;
19/02/;2021;12.292;2.872;9.420;23,40%;14.293;3.917;10.376;27,40%;;;
;; ;;;;;;;;;;
18/02/;2021;15.973;1.920;14.053;12,00%;19.480;5.143;14.337;26,40%;;;
;;;;;;;;;;;;
17/02/;2021;9.107;373;8.734;4,10%;13.642;4.172;9.470;30,60%;;;
;; ;;;;;;;;;;
16/02/;2021;9.306;1.445;7.861;15,50%;11.632;3.253;8.379;28,00%;;;
;;;;;;;;;;;;
15/02/;2021;10.681;1.861;8.820;17,40%;13.627;3.461;10.166;25,40%;;;
;; ;;;;;;;;;;
14/02/;2021;8.239;1.879;6.360;22,80%;9.926;2.727;7.199;27,50%;;;
;;;;;;;;;;;;
13/02/;2021;13.524;2.496;11.028;18,50%;16.295;4.795;11.500;29,40%;;;
;; ;;;;;;;;;;
12/02/;2021;11.203;3.018;8.185;26,90%;13.180;3.781;9.399;28,70%;;;
;;;;;;;;;;;;
11/02/;2021;17.319;3.810;13.509;22,00%;19.907;5.026;14.881;25,20%;;;
;; ;;;;;;;;;;
10/02/;2021;16.571;2.514;14.057;15,20%;19.727;5.252;14.475;26,60%;;;
;;;;;;;;;;;;
09/02/;2021;17.660;3.309;14.351;18,70%;20.777;5.508;15.269;26,50%;;;
;; ;;;;;;;;;;
08/02/;2021;16.061;3.437;12.624;21,40%;18.461;4.167;14.294;22,60%;;;
;;;;;;;;;;;;
07/02/;2021;10.197;3.144;7.053;30,80%;11.720;3.182;8.538;27,20%;;;
;; ;;;;;;;;;;
06/02/;2021;17.758;4.213;13.545;23,70%;20.412;5.505;14.907;27,00%;;;
;;;;;;;;;;;;
05/02/;2021;17.290;2.379;14.911;13,80%;19.958;5.312;14.646;26,60%;;;
;; ;;;;;;;;;;
04/02/;2021;19.593;3.340;16.253;17,00%;22.522;6.344;16.178;28,20%;;;
;;;;;;;;;;;;
03/02/;2021;17.875;3.632;14.243;20,30%;21.030;5.793;15.237;27,50%;;;
;; ;;;;;;;;;;
02/02/;2021;18.121;3.567;14.554;19,70%;21.193;6.480;14.713;30,60%;;;
;;;;;;;;;;;;
01/02/;2021;16.217;3.362;12.855;20,70%;18.852;5.389;13.463;28,60%;;;
;;;;;;;;;;;;
31/01/;2021;10.312;3.102;7.210;30,10%;12.494;4.101;8.393;32,80%;;;
;;;;;;;;;;;;
30/01/;2021;18.451;3.474;14.977;18,80%;20.888;6.207;14.681;29,70%;;;
;; ;;;;;;;;;;
29/01/;2021;20.312;3.160;17.152;15,60%;23.326;6.774;16.552;29,00%;;;
;;;;;;;;;;;;
28/01/;2021;21.923;3.143;18.780;14,30%;24.617;6.443;18.174;26,20%;;;
;; ;;;;;;;;;;
27/01/;2021;20.188;3.026;17.162;15,00%;24.620;7.222;17.398;29,30%;;;
;;;;;;;;;;;;
26/01/;2021;19.012;2.136;16.876;11,20%;21.556;6.146;15.410;28,50%;;;
;; ;;;;;;;;;;
25/01/;2021;17.812;2.038;15.774;11,40%;20.197;6.831;13.366;33,80%;;;
;;;;;;;;;;;;
24/01/;2021;16.788;2.572;14.216;15,30%;19.348;6.040;13.308;31,20%;;;
;; ;;;;;;;;;;
23/01/;2021;18.612;3.612;15.000;19,40%;21.451;7.621;13.830;35,50%;;;
;;;;;;;;;;;;
22/01/;2021;22.812;3.350;19.462;14,70%;25.936;8.708;17.228;33,60%;;;
;; ;;;;;;;;;;
21/01/;2021;24.312;3.719;20.593;15,30%;26.971;8.889;18.082;33,00%;;;
;;;;;;;;;;;;
20/01/;2021;23.411;3.174;20.237;13,60%;25.681;7.942;17.739;30,90%;;;
;; ;;;;;;;;;;
19/01/;2021;20.812;3.126;17.686;15,00%;23.628;7.273;16.355;30,80%;;;
;;;;;;;;;;;;
18/01/;2021;20.101;2.839;17.262;14,10%;23.667;7.974;15.693;33,70%;;;
;; ;;;;;;;;;;
17/01/;2021;12.813;2.361;10.452;18,40%;14.991;5.254;9.737;35,00%;;;
;;;;;;;;;;;;
16/01/;2021;17.617;2.559;15.058;14,50%;20.260;6.842;13.418;33,80%;;;
;; ;;;;;;;;;;
15/01/;2021;22.812;3.217;19.595;14,10%;25.602;7.679;17.923;30,00%;;;
;;;;;;;;;;;;
14/01/;2021;20.982;2.759;18.223;13,10%;23.897;8.169;15.728;34,20%;;;
;; ;;;;;;;;;;
13/01/;2021;19.121;3.214;15.907;16,80%;22.305;6.839;15.466;30,70%;;;
;;;;;;;;;;;;
12/01/;2021;16.312;3.088;13.224;18,90%;19.662;5.787;13.875;29,40%;;;
;; ;;;;;;;;;;
11/01/;2021;14.715;2.869;11.846;19,50%;17.884;5.609;12.275;31,40%;;;
;;;;;;;;;;;;
10/01/;2021;10.312;2.346;7.966;22,80%;12.390;4.380;8.010;35,40%;;;
;; ;;;;;;;;;;
09/01/;2021;17.512;2.892;14.620;16,50%;19.890;6.416;13.474;32,30%;;;
;;;;;;;;;;;;
08/01/;2021;20.471;2.774;17.697;13,60%;23.062;7.184;15.878;31,20%;;;
;; ;;;;;;;;;;
07/01/;2021;20.011;2.834;17.177;14,20%;22.622;7.163;15.459;31,70%;;;
;;;;;;;;;;;;
06/01/;2021;22.131;2.481;19.650;11,20%;24.637;7.354;17.283;29,80%;;;
;; ;;;;;;;;;;
05/01/;2021;19.123;2.420;16.703;12,70%;21.799;6.628;15.171;30,40%;;;
;;;;;;;;;;;;
04/01/;2021;18.712;2.186;16.526;11,70%;21.065;6.074;14.991;28,80%;;;
;; ;;;;;;;;;;
03/01/;2021;10.391;1.671;8.720;16,10%;12.473;4.153;8.320;33,30%;;;
;;;;;;;;;;;;
02/01/;2021;12.611;1.960;10.651;15,50%;15.322;5.195;10.127;33,90%;;;
;; ;;;;;;;;;;
01/01/;2021;7.812;1.281;6.531;16,40%;9.703;3.273;6.430;33,70%;;;
;;;;;;;;;;;;
31/12/;2020;16.718;2.321;14.397;13,90%;18.999;6.088;12.911;32,00%;;;
;; ;;;;;;;;;;
30/12/;2020;19.514;2.565;16.949;13,10%;22.156;6.529;15.627;29,50%;;;
;;;;;;;;;;;;
29/12/;2020;20.112;2.547;17.565;12,70%;23.008;6.740;16.268;29,30%;;;
;; ;;;;;;;;;;
28/12/;2020;20.216;2.181;18.035;10,80%;22.711;5.842;16.869;25,70%;;;
;;;;;;;;;;;;
27/12/;2020;10.712;1.294;9.418;12,10%;12.828;3.539;9.289;27,60%;;;
;; ;;;;;;;;;;
26/12/;2020;10.612;1.531;9.081;14,40%;12.836;3.412;9.424;26,60%;;;
;;;;;;;;;;;;
25/12/;2020;10.882;1.881;9.001;17,30%;12.981;3.867;9.114;29,80%;;;
;; ;;;;;;;;;;
24/12/;2020;18.471;1.899;16.572;10,30%;20.883;5.119;15.764;24,50%;;;
;;;;;;;;;;;;
23/12/;2020;19.341;2.070;17.271;10,70%;21.881;5.089;16.792;23,30%;;;
;; ;;;;;;;;;;
22/12/;2020;15.524;1.652;13.872;10,60%;18.364;4.284;14.080;23,30%;;;
;;;;;;;;;;;;
21/12/;2020;17.312;2.028;15.284;11,70%;19.709;4.368;15.341;22,20%;;;
;; ;;;;;;;;;;
20/12/;2020;8.314;1.151;7.163;13,80%;10.298;2.265;8.033;22,00%;;;
;;;;;;;;;;;;
19/12/;2020;12.812;1.311;11.501;10,20%;14.905;3.535;11.370;23,70%;;;
;; ;;;;;;;;;;
18/12/;2020;18.100;1.772;16.328;9,80%;21.044;4.292;16.752;20,40%;;;
;;;;;;;;;;;;
17/12/;2020;21.021;1.952;19.069;9,30%;24.343;4.999;19.344;20,50%;;;
;; ;;;;;;;;;;
16/12/;2020;19.211;1.888;17.323;9,80%;21.754;4.951;16.803;22,80%;;;
;;;;;;;;;;;;
15/12/;2020;16.123;1.675;14.448;10,40%;20.013;4.117;15.896;20,60%;;;
;; ;;;;;;;;;;
14/12/;2020;14.125;1.407;12.718;10,00%;16.536;3.529;13.007;21,30%;;;
;;;;;;;;;;;;
13/12/;2020;7.121;1.190;5.931;16,70%;9.258;2.025;7.233;21,90%;;;
;; ;;;;;;;;;;
12/12/;2020;12.321;1.443;10.878;11,70%;13.779;3.152;10.627;22,90%;;;
;;;;;;;;;;;;
11/12/;2020;15.921;1.346;14.575;8,50%;18.042;3.463;14.579;19,20%;;;
;; ;;;;;;;;;;
10/12/;2020;16.712;1.447;15.265;8,70%;19.322;3.906;15.416;20,20%;;;
;;;;;;;;;;;;
09/12/;2020;15.061;1.180;13.881;7,80%;17.326;2.692;14.634;15,50%;;;
;; ;;;;;;;;;;
08/12/;2020;13.678;1.352;12.326;9,90%;15.915;3.190;12.725;20,00%;;;
;;;;;;;;;;;;
07/12/;2020;15.711;1.254;14.457;8,00%;17.721;3.339;14.382;18,80%;;;
;; ;;;;;;;;;;
06/12/;2020;7.812;936;6.876;12,00%;9.399;2.358;7.041;25,10%;;;
;;;;;;;;;;;;
05/12/;2020;14.671;1.168;13.503;8,00%;17.437;3.642;13.795;20,90%;;;
;; ;;;;;;;;;;
04/12/;2020;16.534;1.510;15.024;9,10%;19.014;3.444;15.570;18,10%;;;
;;;;;;;;;;;;
03/12/;2020;14.671;1.232;13.439;8,40%;17.106;3.169;13.937;18,50%;;;
;; ;;;;;;;;;;
02/12/;2020;14.211;1.303;12.908;9,20%;16.183;3.273;12.910;20,20%;;;
;;;;;;;;;;;;
01/12/;2020;17.812;1.248;16.564;7,00%;19.782;3.568;16.214;18,00%;;;
;; ;;;;;;;;;;
30/11/;2020;14.812;1.218;13.594;8,20%;17.275;2.610;14.665;15,10%;;;
;;;;;;;;;;;;
29/11/;2020;7.983;907;7.076;11,40%;10.500;1.795;8.705;17,10%;;;
;; ;;;;;;;;;;
28/11/;2020;14.412;1.140;13.272;7,90%;16.473;3.745;12.728;22,70%;;;
;;;;;;;;;;;;
27/11/;2020;15.122;1.320;13.802;8,70%;17.642;3.598;14.044;20,40%;;;
;; ;;;;;;;;;;
26/11/;2020;15.821;1.285;14.536;8,10%;18.214;3.469;14.745;19,00%;;;
;;;;;;;;;;;;
25/11/;2020;15.381;1.124;14.257;7,30%;17.836;3.787;14.049;21,20%;;;
;; ;;;;;;;;;;
24/11/;2020;17.871;1.291;16.580;7,20%;20.276;3.555;16.721;17,50%;;;
;;;;;;;;;;;;
23/11/;2020;14.101;1.202;12.899;8,50%;16.162;2.445;13.717;15,10%;;;
;; ;;;;;;;;;;
22/11/;2020;8.991;1.009;7.982;11,20%;11.111;1.979;9.132;17,80%;;;
;;;;;;;;;;;;
21/11/;2020;13.781;1.144;12.637;8,30%;15.563;2.767;12.796;17,80%;;;
;; ;;;;;;;;;;
20/11/;2020;13.988;1.216;12.772;8,70%;16.016;2.918;13.098;18,20%;;;
;;;;;;;;;;;;
19/11/;2020;13.251;1.205;12.046;9,10%;15.251;2.622;12.629;17,20%;;;
;; ;;;;;;;;;;
18/11/;2020;12.891;1.137;11.754;8,80%;14.303;1.894;12.409;13,20%;;;
;;;;;;;;;;;;
17/11/;2020;14.981;1.239;13.742;8,30%;16.291;2.769;13.522;17,00%;;;
;; ;;;;;;;;;;
16/11/;2020;11.913;1.158;10.755;9,70%;13.717;2.224;11.493;16,20%;;;
;;;;;;;;;;;;
15/11/;2020;8.081;844;7.237;10,40%;9.328;2.057;7.271;22,10%;;;
;; ;;;;;;;;;;
14/11/;2020;12.651;949;11.702;7,50%;14.553;2.478;12.075;17,00%;;;
;;;;;;;;;;;;
13/11/;2020;10.812;987;9.825;9,10%;13.160;1.802;11.358;13,70%;;;
;; ;;;;;;;;;;
12/11/;2020;13.451;1.020;12.431;7,60%;15.842;2.291;13.551;14,50%;;;
;;;;;;;;;;;;
11/11/;2020;12.981;971;12.010;7,50%;15.081;2.296;12.785;15,20%;;;
;; ;;;;;;;;;;
10/11/;2020;13.812;1.028;12.784;7,40%;15.375;2.157;13.218;14,00%;;;
;;;;;;;;;;;;
09/11/;2020;8.621;786;7.835;9,10%;10.973;1.510;9.463;13,80%;;;
;; ;;;;;;;;;;
08/11/;2020;5.312;570;4.742;10,70%;7.382;997;6.385;13,50%;;;
;;;;;;;;;;;;
07/11/;2020;10.451;988;9.463;9,50%;12.829;1.842;10.987;14,40%;;;
;; ;;;;;;;;;;
06/11/;2020;11.151;1.069;10.082;9,60%;13.591;1.747;11.844;12,90%;;;
;;;;;;;;;;;;
05/11/;2020;10.271;1.096;9.175;10,70%;12.261;1.568;10.693;12,80%;;;
;; ;;;;;;;;;;
04/11/;2020;12.245;1.205;11.040;9,80%;14.246;1.946;12.300;13,70%;;;
;;;;;;;;;;;;
03/11/;2020;12.127;1.096;11.031;9,00%;14.500;2.048;12.452;14,10%;;;
;; ;;;;;;;;;;
02/11/;2020;8.215;782;7.433;9,50%;11.107;1.398;9.709;12,60%;;;
;;;;;;;;;;;;
01/11/;2020;4.199;620;3.579;14,80%;6.055;905;5.150;14,90%;;;
;; ;;;;;;;;;;
31/10/;2020;7.328;668;6.660;9,10%;9.414;1.561;7.853;16,60%;;;
;;;;;;;;;;;;
30/10/;2020;8.870;665;8.205;7,50%;10.395;1.683;8.712;16,20%;;;
;; ;;;;;;;;;;
29/10/;2020;4.932;604;4.328;12,20%;6.255;1.072;5.183;17,10%;;;
;;;;;;;;;;;;
28/10/;2020;10.021;803;9.218;8,00%;12.228;1.851;10.377;15,10%;;;
;; ;;;;;;;;;;
27/10/;2020;13.815;981;12.834;7,10%;15.433;2.064;13.369;13,40%;;;
;;;;;;;;;;;;
26/10/;2020;10.221;842;9.379;8,20%;12.277;1.620;10.657;13,20%;;;
;;;;;;;;;;;;
25/10/;2020;4.701;550;4.151;11,70%;5.692;967;4.725;17,00%;;;
;;;;;;;;;;;;
24/10/;2020;11.012;1.005;10.007;9,10%;13.192;1.971;11.221;4,90%;;;
;; ;;;;;;;;;;
23/10/;2020;10.377;877;9.500;8,50%;12.766;1.941;10.825;15,20%;;;
;;;;;;;;;;;;
22/10/;2020;10.631;937;9.694;8,80%;13.289;1.825;11.464;13,70%;;;
;; ;;;;;;;;;;
21/10/;2020;12.520;1.094;11.426;8,70%;15.651;2.069;13.582;13,20%;;;
;;;;;;;;;;;;
20/10/;2020;10.412;1.002;9.410;9,60%;13.016;2.008;11.008;15,40%;;;
;; ;;;;;;;;;;
19/10/;2020;10.070;899;9.171;8,90%;12.588;1.770;10.818;14,10%;;;
;;;;;;;;;;;;
18/10/;2020;5.785;667;5.118;11,50%;6.963;979;5.984;14,10%;;;
;; ;;;;;;;;;;
17/10/;2020;8.767;913;7.854;10,40%;11.240;1.952;9.288;17,40%;;;
;;;;;;;;;;;;
16/10/;2020;9.877;951;8.926;9,60%;12.663;1.879;10.784;14,80%;;;
;; ;;;;;;;;;;
15/10/;2020;12.158;1.101;11.057;9,10%;15.114;2.475;12.639;16,40%;;;
;;;;;;;;;;;;
14/10/;2020;13.165;1.324;11.841;10,10%;16.056;2.476;13.580;15,40%;;;
;; ;;;;;;;;;;
13/10/;2020;12.339;1.270;11.069;10,30%;15.499;2.378;13.121;15,30%;;;
;;;;;;;;;;;;
12/10/;2020;14.336;1.612;12.724;11,20%;17.483;2.899;14.584;16,60%;;;
;; ;;;;;;;;;;
11/10/;2020;7.834;893;6.941;11,40%;9.759;1.572;8.187;16,10%;;;
;;;;;;;;;;;;
10/10/;2020;10.074;1.117;8.957;11,10%;13.636;1.981;11.655;14,50%;;;
;; ;;;;;;;;;;
09/10/;2020;12.421;1.103;11.318;8,90%;15.148;2.466;12.682;16,30%;;;
;;;;;;;;;;;;
08/10/;2020;12.432;1.173;11.259;9,40%;15.540;2.154;13.386;13,90%;;;
;; ;;;;;;;;;;
07/10/;2020;12.335;1.140;11.195;9,20%;15.419;2.497;12.922;16,20%;;;
;;;;;;;;;;;;
06/10/;2020;11.702;1.091;10.611;9,30%;14.628;2.526;12.102;17,30%;;;
;; ;;;;;;;;;;
05/10/;2020;10.756;1.082;9.674;10,10%;13.445;2.434;11.011;18,10%;;;
;;;;;;;;;;;;
04/10/;2020;5.066;696;4.370;13,70%;7.514;1.505;6.009;20,00%;;;
;; ;;;;;;;;;;
03/10/;2020;11.265;1.141;10.124;10,10%;14.082;2.562;11.520;18,20%;;;
;;;;;;;;;;;;
02/10/;2020;11.800;1.110;10.690;9,40%;14.750;2.385;12.365;16,20%;;;
;; ;;;;;;;;;;
01/10/;2020;10.648;1.103;9.545;10,40%;13.311;2.428;10.883;18,20%;;;
;;;;;;;;;;;;
30/09/;2020;11.914;1.141;10.773;9,60%;14.893;2.607;12.286;17,50%;;;
;; ;;;;;;;;;;
29/09/;2020;13.569;1.253;12.316;9,20%;16.962;2.658;14.304;15,70%;;;
;;;;;;;;;;;;
28/09/;2020;10.211;1.204;9.007;11,80%;13.092;2.157;10.935;16,50%;;;
;; ;;;;;;;;;;
27/09/;2020;6.127;807;5.320;13,20%;9.014;1.724;7.290;19,10%;;;
;;;;;;;;;;;;
26/09/;2020;12.736;1.305;11.431;10,20%;15.920;2.653;13.267;16,70%;;;
;; ;;;;;;;;;;
25/09/;2020;13.100;1.253;11.847;9,60%;16.250;2.814;13.436;17,30%;;;
;;;;;;;;;;;;
24/09/;2020;14.461;1.199;13.262;8,30%;17.423;2.801;14.622;16,10%;;;
;; ;;;;;;;;;;
23/09/;2020;12.446;937;11.509;7,50%;15.558;2.754;12.804;17,70%;;;
;;;;;;;;;;;;
22/09/;2020;12.368;1.187;11.181;9,60%;14.999;2.424;12.575;16,20%;;;
;; ;;;;;;;;;;
21/09/;2020;14.050;1.265;12.785;9,00%;17.814;3.127;14.687;17,60%;;;
;;;;;;;;;;;;
20/09/;2020;6.818;929;5.889;13,60%;8.583;1.824;6.759;21,30%;;;
;; ;;;;;;;;;;
19/09/;2020;11.118;1.177;9.941;10,60%;14.296;2.878;11.418;20,10%;;;
;;;;;;;;;;;;
18/09/;2020;13.890;1.166;12.724;8,40%;16.387;2.842;13.545;17,30%;;;
;; ;;;;;;;;;;
17/09/;2020;13.012;1.403;11.609;10,80%;15.665;2.699;12.966;17,20%;;;
;;;;;;;;;;;;
16/09/;2020;13.090;1.048;12.042;8,00%;15.747;3.215;12.532;20,40%;;;
;; ;;;;;;;;;;
15/09/;2020;8.677;1.037;7.640;12,00%;11.472;2.074;9.398;18,10%;;;
;;;;;;;;;;;;
14/09/;2020;12.510;1.263;11.247;10,10%;14.901;3.021;11.880;20,30%;;;
;; ;;;;;;;;;;
13/09/;2020;5.085;768;4.317;15,10%;7.427;1.528;5.899;20,60%;;;
;;;;;;;;;;;;
12/09/;2020;10.567;1.702;8.865;16,10%;13.078;2.826;10.252;21,60%;;;
;; ;;;;;;;;;;
11/09/;2020;10.311;1.435;8.876;13,90%;13.386;2.501;10.885;18,70%;;;
;;;;;;;;;;;;
10/09/;2020;12.103;1.203;10.900;9,90%;14.034;2.476;11.558;17,60%;;;
;; ;;;;;;;;;;
09/09/;2020;10.005;1.102;8.903;11,00%;13.666;2.232;11.434;16,30%;;;
;;;;;;;;;;;;
08/09/;2020;12.891;1.326;11.565;10,30%;14.488;2.658;11.830;18,30%;;;
;; ;;;;;;;;;;
07/09/;2020;12.302;1.289;11.013;10,50%;14.808;2.427;12.381;16,40%;;;
;;;;;;;;;;;;
06/09/;2020;4.979;703;4.276;14,10%;6.622;1.167;5.455;17,60%;;;
;; ;;;;;;;;;;
05/09/;2020;9.866;1.130;8.736;11,50%;11.771;2.208;9.563;18,80%;;;
;;;;;;;;;;;;
04/09/;2020;10.248;1.242;9.006;12,10%;12.252;2.263;9.989;18,50%;;;
;; ;;;;;;;;;;
03/09/;2020;12.131;1.013;11.118;8,40%;15.390;2.607;12.783;16,90%;;;
;; ;;;;;;;;;;
02/09/;2020;9.971;1.135;8.836;11,40%;12.117;2.242;9.875;18,50%;;;
;; ;;;;;;;;;;
01/09/;2020;8.222;1.121;7.101;13,60%;12.001;2.172;9.829;18,10%;;;
;;;;;;;;;;;;
31/08/;2020;7.514;1.024;6.490;13,60%;10.024;1.996;8.028;19,90%;;;
;; ;;;;;;;;;;
30/08/;2020;4.880;703;4.177;14,40%;7.578;1.567;6.011;20,70%;;;
;;;;;;;;;;;;
29/08/;2020;9.392;974;8.418;10,40%;12.916;2.111;10.805;16,30%;;;
;; ;;;;;;;;;;
28/08/;2020;10.266;882;9.384;8,60%;13.469;2.047;11.422;15,20%;;;
;;;;;;;;;;;;
27/08/;2020;9.360;879;8.481;9,40%;14.337;2.158;12.179;15,10%;;;
;; ;;;;;;;;;;
26/08/;2020;11.436;907;10.529;7,90%;14.863;2.488;12.375;16,70%;;;
;;;;;;;;;;;;
25/08/;2020;8.794;569;8.225;6,50%;12.056;1.871;10.185;15,50%;;;
;; ;;;;;;;;;;
24/08/;2020;8.941;704;8.237;7,90%;11.929;1.821;10.108;15,30%;;;
;;;;;;;;;;;;
23/08/;2020;3.691;508;3.183;13,80%;6.484;1.157;5.327;17,80%;;;
;; ;;;;;;;;;;
22/08/;2020;6.821;854;5.967;12,50%;10.132;1.864;8.268;18,40%;;;
;;;;;;;;;;;;
21/08/;2020;7.422;760;6.662;10,20%;11.260;1.858;9.402;16,50%;;;
;; ;;;;;;;;;;
20/08/;2020;5.422;511;4.911;9,40%;7.015;1.076;5.939;15,30%;;;
;;;;;;;;;;;;
19/08/;2020;10.636;695;9.941;6,50%;14.015;2.127;11.888;15,20%;;;
;; ;;;;;;;;;;
18/08/;2020;7.097;601;6.496;8,50%;9.548;1.327;8.221;13,90%;;;
;;;;;;;;;;;;
17/08/;2020;7.215;555;6.660;7,70%;9.212;931;8.281;10,10%;;;
;; ;;;;;;;;;;
16/08/;2020;5.266;534;4.732;10,10%;7.387;908;6.479;12,30%;;;
;;;;;;;;;;;;
15/08/;2020;9.669;625;9.044;6,50%;11.769;1.656;10.113;14,10%;;;
;; ;;;;;;;;;;
14/08/;2020;8.211;729;7.482;8,90%;11.553;1.364;10.189;11,80%;;;
;;;;;;;;;;;;
13/08/;2020;6.881;495;6.386;7,20%;9.144;1.362;7.782;14,90%;;;
;; ;;;;;;;;;;
12/08/;2020;8.015;591;7.424;7,40%;10.993;1.583;9.410;14,40%;;;
;;;;;;;;;;;;
11/08/;2020;5.841;487;5.354;8,30%;8.140;896;7.244;11,00%;;;
;; ;;;;;;;;;;
10/08/;2020;6.059;582;5.477;9,60%;8.939;1.169;7.770;13,10%;;;
;;;;;;;;;;;;
09/08/;2020;4.433;319;4.114;7,20%;5.412;652;4.760;12,00%;;;
;; ;;;;;;;;;;
08/08/;2020;6.771;534;6.237;7,90%;9.129;1.197;7.932;13,10%;;;
;;;;;;;;;;;;
07/08/;2020;8.791;776;8.015;8,80%;13.298;1.506;11.792;11,30%;;;
;; ;;;;;;;;;;
06/08/;2020;8.065;693;7.372;8,60%;12.299;1.392;10.907;11,30%;;;
;;;;;;;;;;;;
05/08/;2020;8.124;584;7.540;7,20%;12.034;1.616;10.418;13,40%;;;
;; ;;;;;;;;;;
04/08/;2020;7.071;468;6.603;6,60%;11.922;1.654;10.268;13,90%;;;
;;;;;;;;;;;;
03/08/;2020;7.811;386;7.425;4,90%;10.802;995;9.807;9,20%;;;
;;;;;;;;;;;;
02/08/;2020;3.675;439;3.236;11,90%;4.671;489;4.182;10,50%;;;
;;;;;;;;;;;;
01/08/;2020;6.366;329;6.037;5,20%;9.042;1.048;7.994;11,60%;;;
;; ;;;;;;;;;;
31/07/;2020;4.222;330;3.892;7,80%;5.544;486;5.058;8,80%;;;
;;;;;;;;;;;;
30/07/;2020;8.520;585;7.935;6,90%;10.856;1.081;9.775;10,00%;;;
;; ;;;;;;;;;;
29/07/;2020;9.120;340;8.780;3,70%;12.297;1.718;10.579;14,00%;;;
;;;;;;;;;;;;
28/07/;2020;8.824;542;8.282;6,10%;10.634;1.478;9.156;13,90%;;;
;; ;;;;;;;;;;
27/07/;2020;8.184;436;7.748;5,30%;11.342;1.196;10.146;10,50%;;;
;;;;;;;;;;;;
26/07/;2020;3.148;270;2.878;8,60%;4.981;344;4.637;6,90%;;;
;;;;;;;;;;;;
25/07/;2020;6.887;611;6.276;8,90%;8.457;922;7.535;10,90%;;;
;;;;;;;;;;;;
24/07/;2020;9.100;393;8.707;4,30%;10.480;931;9.549;8,90%;;;
;;;;;;;;;;;;
23/07/;2020;8.773;279;8.494;3,20%;11.009;1.142;9.867;10,40%;;;
;;;;;;;;;;;;
22/07/;2020;10.061;416;9.645;4,10%;11.692;1.368;10.324;11,70%;;;
;; ;;;;;;;;;;
21/07/;2020;8.081;382;7.699;4,70%;11.413;1.271;10.142;11,10%;;;
;;;;;;;;;;;;
20/07/;2020;6.088;441;5.647;7,20%;9.365;932;8.433;10,00%;;;
;; ;;;;;;;;;;
;;;;;;;;;;;;
19/07/;2020;3.655;361;3.294;9,90%;4.935;519;4.416;10,50%;;;
;;;;;;;;;;;;
18/07/;2020;6.781;312;6.469;4,60%;9.982;927;9.055;9,30%;;;
;;;;;;;;;;;;
17/07/;2020;9.056;331;8.725;3,70%;12.098;802;11.296;6,60%;;;
;;;;;;;;;;;;
16/07/;2020;6.448;231;6.217;3,60%;9.924;1.085;8.839;10,90%;;;
;; ;;;;;;;;;;
15/07/;2020;6.405;304;6.101;4,70%;9.056;765;8.291;8,40%;;;
;;;;;;;;;;;;
14/07/;2020;5.414;258;5.156;4,80%;8.626;953;7.673;11,00%;;;
;; ;;;;;;;;;;
13/07/;2020;5.998;275;5.723;4,60%;8.616;923;7.693;10,70%;;;
;;;;;;;;;;;;
12/07/;2020;4.102;279;3.823;6,80%;5.188;458;4.730;8,80%;;;
;;;;;;;;;;;;
11/07/;2020;5.690;404;5.286;7,10%;8.117;900;7.217;11,10%;;;
;;;;;;;;;;;;
10/07/;2020;6.584;359;6.225;5,50%;10.412;978;9.434;9,40%;;;
;;;;;;;;;;;;
09/07/;2020;6.423;236;6.187;3,70%;8.958;706;8.252;7,90%;;;
;;;;;;;;;;;;
08/07/;2020;6.486;293;6.193;4,50%;9.631;710;8.921;7,40%;;;
;;;;;;;;;;;;
07/07/;2020;5.473;308;5.165;5,60%;7.260;773;6.487;10,60%;;;
;;;;;;;;;;;;
06/07/;2020;4.441;199;4.242;4,50%;6.122;510;5.612;8,30%;;;
;;;;;;;;;;;;
05/07/;2020;3.092;231;2.861;7,50%;4.549;355;4.194;7,80%;;;
;;;;;;;;;;;;
04/07/;2020;4.305;256;4.049;5,90%;6.587;579;6.008;8,80%;;;
;;;;;;;;;;;;
03/07/;2020;5.955;215;5.740;3,60%;8.817;777;8.040;8,80%;;;
;;;;;;;;;;;;
02/07/;2020;4.255;144;4.111;3,40%;6.490;472;6.018;7,30%;;;
;;;;;;;;;;;;
01/07/;2020;4.257;198;4.059;4,70%;6.594;557;6.037;8,40%;;;
;;;;;;;;;;;;
30/06/;2020;4.618;204;4.414;4,40%;7.033;690;6.343;9,80%;;;
;;;;;;;;;;;;
29/06/;2020;4.598;198;4.400;4,30%;7.081;345;6.736;4,90%;;;
;;;;;;;;;;;;
28/06/;2020;2.434;95;2.339;3,90%;3.491;308;3.183;8,80%;;;
;;;;;;;;;;;;
27/06/;2020;4.440;148;4.292;3,30%;6.388;449;5.939;7,00%;;;
;;;;;;;;;;;;
26/06/;2020;5.295;213;5.082;4,00%;7.620;592;7.028;7,80%;;;
;;;;;;;;;;;;
25/06/;2020;5.444;168;5.276;3,10%;7.884;433;7.451;5,50%;;;
;;;;;;;;;;;;
24/06/;2020;5.142;195;4.947;3,80%;7.417;505;6.912;6,80%;;;
;;;;;;;;;;;;
23/06/;2020;5.986;159;5.827;2,70%;8.614;417;8.197;4,80%;;;
;;;;;;;;;;;;
22/06/;2020;3.627;171;3.456;4,70%;5.287;325;4.962;6,10%;;;
;;;;;;;;;;;;
21/06/;2020;2.806;132;2.674;4,70%;4.016;237;3.779;5,90%;;;
;;;;;;;;;;;;
20/06/;2020;3.258;132;3.126;4,10%;4.680;403;4.277;8,60%;;;
;;;;;;;;;;;;
19/06/;2020;4.794;178;4.616;3,70%;6.862;487;6.375;7,10%;;;
;;;;;;;;;;;;
18/06/;2020;4.260;140;4.120;3,30%;6.285;451;5.834;7,20%;;;
;;;;;;;;;;;;
17/06/;2020;4.740;176;4.564;3,70%;6.900;581;6.319;8,40%;;;
;;;;;;;;;;;;
16/06/;2020;4.702;147;4.555;3,10%;6.758;593;6.165;8,80%;;;
;;;;;;;;;;;;
15/06/;2020;4.605;94;4.511;2,00%;6.693;367;6.326;5,50%;;;
;;;;;;;;;;;;
14/06/;2020;1.851;105;1.746;5,70%;3.085;197;2.888;6,40%;;;
;;;;;;;;;;;;
13/06/;2020;4.955;115;4.840;2,30%;7.095;474;6.621;6,70%;;;
;;;;;;;;;;;;
12/06/;2020;3.411;120;3.291;3,50%;4.897;452;4.445;9,20%;;;
;;;;;;;;;;;;
11/06/;2020;2.827;76;2.751;2,70%;4.077;328;3.749;8,00%;;;
;;;;;;;;;;;;
10/06/;2020;4.064;129;3.935;3,20%;5.843;398;5.445;6,80%;;;
;;;;;;;;;;;;
09/06/;2020;3.590;187;3.403;5,20%;5.159;388;4.771;7,50%;;;
;;;;;;;;;;;;
08/06/;2020;2.798;194;2.604;6,90%;4.016;326;3.690;8,10%;;;
;;;;;;;;;;;;
07/06/;2020;1.808;96;1.712;5,30%;2.589;164;2.425;6,30%;;;
;;;;;;;;;;;;
06/06/;2020;3.334;160;3.174;4,80%;4.766;402;4.364;8,40%;;;
;;;;;;;;;;;;
05/06/;2020;2.864;102;2.762;3,60%;4.103;341;3.762;8,30%;;;
;;;;;;;;;;;;
04/06/;2020;2.738;83;2.655;3,00%;3.918;296;3.622;7,60%;;;
;;;;;;;;;;;;
03/06/;2020;3.422;62;3.360;1,80%;4.900;301;4.599;6,10%;;;
;;;;;;;;;;;;
02/06/;2020;2.371;101;2.270;4,30%;3.391;199;3.192;5,90%;;;
;;;;;;;;;;;;
01/06/;2020;1.789;73;1.716;4,10%;2.555;258;2.297;10,10%;;;
;;;;;;;;;;;;
31/05/;2020;1.858;111;1.747;6,00%;3.021;628;2.393;20,80%;;;
;; ;;;;;;;;;;
30/05/;2020;2.808;119;2.689;4,20%;4.319;661;3.658;15,30%;;;
;;;;;;;;;;;;
29/05/;2020;2.392;100;2.292;4,20%;3.860;769;3.091;19,90%;;;
;; ;;;;;;;;;;
28/05/;2020;2.768;124;2.644;4,50%;4.365;734;3.631;16,80%;;;
;;;;;;;;;;;;
27/05/;2020;2.271;103;2.168;4,50%;3.641;723;2.918;19,90%;;;
;; ;;;;;;;;;;
26/05/;2020;1.972;105;1.867;5,30%;3.233;727;2.506;22,50%;;;
;;;;;;;;;;;;
25/05/;2020;1.321;93;1.228;7,00%;2.408;711;1.697;29,50%;;;
;; ;;;;;;;;;;
24/05/;2020;871;67;804;7,70%;1.735;590;1.145;34,00%;;;
;;;;;;;;;;;;
23/05/;2020;1.764;118;1.646;6,70%;2.776;499;2.277;18,00%;;;
;; ;;;;;;;;;;
22/05/;2020;3.214;127;3.087;4,00%;4.836;643;4.193;13,30%;;;
;;;;;;;;;;;;
21/05/;2020;1.907;97;1.810;5,10%;3.303;799;2.504;24,20%;;;
;; ;;;;;;;;;;
20/05/;2020;2.457;72;2.385;2,90%;3.863;620;3.243;16,00%;;;
;;;;;;;;;;;;
19/05/;2020;2.530;97;2.433;3,80%;4.040;667;3.373;16,50%;;;
;; ;;;;;;;;;;
18/05/;2020;2.194;43;2.151;2,00%;3.548;631;2.917;17,80%;;;
;;;;;;;;;;;;
17/05/;2020;1.673;88;1.585;5,30%;2.822;617;2.205;21,90%;;;
;; ;;;;;;;;;;
16/05/;2020;2.006;127;1.879;6,30%;3.206;585;2.621;18,20%;;;
;;;;;;;;;;;;
15/05/;2020;2.433;116;2.317;4,80%;3.791;645;3.146;17,00%;;;
;; ;;;;;;;;;;
14/05/;2020;2.500;62;2.438;2,50%;4.083;730;3.353;17,90%;;;
;;;;;;;;;;;;
13/05/;2020;2.601;180;2.421;6,90%;4.063;619;3.444;15,20%;;;
;; ;;;;;;;;;;
12/05/;2020;3.119;134;2.985;4,30%;4.757;672;4.085;14,10%;;;
;;;;;;;;;;;;
11/05/;2020;2.575;108;2.467;4,20%;4.019;771;3.248;9,20%;;;
;; ;;;;;;;;;;
10/05/;2020;1.490;55;1.435;3,70%;2.696;830;1.866;30,80%;;;
;;;;;;;;;;;;
09/05/;2020;2.629;182;2.447;6,90%;4.029;662;3.367;16,40%;;;
;; ;;;;;;;;;;
08/05/;2020;2.500;57;2.443;2,30%;4.007;778;3.229;19,40%;;;
;;;;;;;;;;;;
07/05/;2020;1.733;126;1.607;7,30%;3.047;743;2.304;24,40%;;;
;; ;;;;;;;;;;
06/05/;2020;2.985;66;2.919;2,20%;4.624;571;4.053;12,30%;;;
;;;;;;;;;;;;
05/05/;2020;2.520;68;2.452;2,70%;3.916;611;3.305;15,60%;;;
;; ;;;;;;;;;;
04/05/;2020;2.594;169;2.425;6,50%;4.189;695;3.494;16,60%;;;
;;;;;;;;;;;;
03/05/;2020;1.127;55;1.072;4,90%;2.105;608;1.497;28,90%;;;
;; ;;;;;;;;;;
02/05/;2020;2.211;62;2.149;2,80%;3.634;513;3.121;14,10%;;;
;;;;;;;;;;;;
01/05/;2020;2.496;72;2.424;2,90%;4.304;553;3.751;12,80%;;;
;; ;;;;;;;;;;
30/04/;2020;2.339;145;2.194;6,20%;3.998;515;3.483;12,90%;;;
;;;;;;;;;;;;
29/04/;2020;2.276;105;2.171;4,60%;3.985;559;3.426;14,00%;;;
;; ;;;;;;;;;;
28/04/;2020;1.904;83;1.821;4,40%;3.362;525;2.837;15,60%;;;
;;;;;;;;;;;;
27/04/;2020;1.434;118;1.316;8,20%;2.879;583;2.296;20,30%;;;
;; ;;;;;;;;;;
26/04/;2020;803;86;717;10,70%;1.862;453;1.409;24,30%;;;
;;;;;;;;;;;;
25/04/;2020;1.278;65;1.213;5,10%;2.432;438;1.994;18,00%;;;
;; ;;;;;;;;;;
24/04/;2020;1.599;76;1.523;4,80%;2.994;532;2.462;17,80%;;;
;;;;;;;;;;;;
23/04/;2020;1.714;99;1.615;5,80%;3.144;522;2.622;16,60%;;;
;; ;;;;;;;;;;
22/04/;2020;1.552;107;1.445;6,90%;2.931;527;2.404;18,00%;;;
;;;;;;;;;;;;
21/04/;2020;1.599;120;1.479;7,50%;2.932;513;2.419;17,50%;;;
;; ;;;;;;;;;;
20/04/;2020;1.606;167;1.439;10,40%;2.974;565;2.409;19,00%;;;
;;;;;;;;;;;;
19/04/;2020;1.248;79;1.169;6,30%;2.602;585;2.017;22,50%;;;
;; ;;;;;;;;;;
18/04/;2020;1.123;131;992;11,70%;2.245;466;1.779;20,80%;;;
;;;;;;;;;;;;
17/04/;2020;1.214;79;1.135;6,50%;2.428;525;1.903;21,60%;;;
;; ;;;;;;;;;;
16/04/;2020;888;153;735;17,20%;1.932;531;1.401;27,50%;;;
;;;;;;;;;;;;
15/04/;2020;981;223;758;22,70%;2.148;568;1.580;26,40%;;;
;; ;;;;;;;;;;
14/04/;2020;1.114;98;1.016;8,80%;2.253;521;1.732;23,10%;;;
;;;;;;;;;;;;
13/04/;2020;840;107;733;12,70%;1.927;560;1.367;29,10%;;;
;;;;;;;;;;;;
12/04/;2020;844;160;684;19,00%;1.865;533;1.332;28,60%;;;
;;;;;;;;;;;;
11/04/;2020;916;179;737;19,50%;2.021;573;1.448;28,40%;;;
;; ;;;;;;;;;;
10/04/;2020;1.304;93;1.211;7,10%;2.561;560;2.001;21,90%;;;
;;;;;;;;;;;;
09/04/;2020;1.003;91;912;9,10%;2.094;562;1.532;26,80%;;;
;; ;;;;;;;;;;
08/04/;2020;988;167;821;16,90%;2.179;601;1.578;27,60%;;;
;;;;;;;;;;;;
07/04/;2020;877;109;768;12,40%;2.152;534;1.618;24,80%;;;
;; ;;;;;;;;;;
06/04/;2020;812;144;668;17,70%;1.909;558;1.351;29,20%;;;
;;;;;;;;;;;;
05/04/;2020;1.218;148;1.070;12,20%;2.248;538;1.710;23,90%;;;
;; ;;;;;;;;;;
04/04/;2020;1.470;80;1.390;5,40%;2.414;608;1.806;25,20%;;;
;;;;;;;;;;;;
03/04/;2020;908;81;827;8,90%;1.501;545;956;36,30%;;;
;; ;;;;;;;;;;
02/04/;2020;455;81;374;17,80%;1.343;532;811;39,60%;;;
;;;;;;;;;;;;
01/04/;2020;164;93;71;56,70%;920;504;416;54,80%;;;
;; ;;;;;;;;;;
31/03/;2020;300;75;225;25,00%;1.047;478;569;45,70%;;;
;;;;;;;;;;;;
30/03/;2020;217;14;203;6,50%;922;431;491;46,70%;;;
;; ;;;;;;;;;;
29/03/;2020;127;26;101;20,50%;751;426;325;56,70%;;;
;;;;;;;;;;;;
28/03/;2020;359;98;261;27,30%;1.126;502;624;44,60%;;;
;; ;;;;;;;;;;
27/03/;2020;199;37;162;18,60%;887;435;452;49,00%;;;
;;;;;;;;;;;;
26/03/;2020;248;51;197;20,60%;959;448;511;46,70%;;;
;; ;;;;;;;;;;
25/03/;2020;196;43;153;21,90%;887;437;450;49,30%;;;
;;;;;;;;;;;;
24/03/;2020;347;45;302;13,00%;1.022;446;576;43,60%;;;
;; ;;;;;;;;;;
23/03/;2020;378;71;307;18,80%;1.119;471;648;42,10%;;;
;;;;;;;;;;;;
22/03/;2020;1.097;49;1.048;4,50%;1.790;430;1.360;24,00%;;;
;; ;;;;;;;;;;
21/03/;2020;501;39;462;7,80%;1.190;437;753;36,70%;;;
;;;;;;;;;;;;
20/03/;2020;118;44;74;37,30%;118;12;106;10,20%;;;
;; ;;;;;;;;;;
19/03/;2020;154;13;141;8,40%;154;48;106;31,20%;;;
;;;;;;;;;;;;
18/03/;2020;132;51;81;38,60%;132;38;94;28,80%;;;
;; ;;;;;;;;;;
17/03/;2020;104;38;66;36,50%;104;26;78;25,00%;;;
;;;;;;;;;;;;
16/03/;2020;47;25;22;53,20%;47;2;45;4,30%;;;
;; ;;;;;;;;;;
15/03/;2020;41;2;39;4,90%;41;15;26;36,60%;;;
;;;;;;;;;;;;
14/03/;2020;44;16;28;36,40%;44;3;41;6,80%;;;
;; ;;;;;;;;;;
13/03/;2020;30;7;23;23,30%;30;10;20;33,30%;;;
;;;;;;;;;;;;
12/03/;2020;56;10;46;17,90%;56;23;33;41,10%;;;
;; ;;;;;;;;;;
11/03/;2020;48;26;22;54,20%;48;3;45;6,30%;;;
;;;;;;;;;;;;
10/03/;2020;52;2;50;3,80%;52;0;52;0,00%;;;
;; ;;;;;;;;;;
09/03/;2020;73;27;46;37%;73;25;48;34,20%;;;
;;;;;; ;;;;;;
08/03/;2020;56;1;55;1,80%;56;0;56;0,00%;;;
;; ;;;;;;;;;;
07/03/;2020;26;0;26;0,00%;26;0;26;0,00%;;;
;;;;;;;;;;;;
06/03/;2020;5;0;5;0,00%;5;0;5;0,00%;;;
;; ;;;;;;;;;;
05/03/;2020;27;0;27;0,00%;27;3;24;11,10%;;;
;;;;;;;;;;;;
04/03/;2020;7;0;7;0,00%;7;0;7;0,00%;;;
;;;;;;;;;;;;
03/03/;2020;15;3;12;20,00%;15;3;12;20,00%;;;
;;;;;;;;;;;;
02/03/;2020;3;0;3;0,00%;3;0;3;0,00%;;;
;;;;;;;;;;;;
01/03/;2020;39;0;39;0,00%;39;0;39;0,00%;;;
;;;;;;;;;;;;
29/02/;2020;40;0;40;0,00%;40;0;40;0,00%;;;
